{
  "HTTP Request - Avg Posts GET" : {
    "transaction" : "HTTP Request - Avg Posts GET",
    "sampleCount" : 30,
    "errorCount" : 0,
    "errorPct" : 0.0,
    "meanResTime" : 108.89999999999999,
    "medianResTime" : 104.0,
    "minResTime" : 83.0,
    "maxResTime" : 156.0,
    "pct1ResTime" : 137.3,
    "pct2ResTime" : 149.39999999999998,
    "pct3ResTime" : 156.0,
    "throughput" : 0.8602890571231934,
    "receivedKBytesPerSec" : 0.42258339427047487,
    "sentKBytesPerSec" : 0.8619693091878872
  },
  "HTTP Request - Statistics - GET" : {
    "transaction" : "HTTP Request - Statistics - GET",
    "sampleCount" : 30,
    "errorCount" : 0,
    "errorPct" : 0.0,
    "meanResTime" : 3.3666666666666667,
    "medianResTime" : 3.0,
    "minResTime" : 2.0,
    "maxResTime" : 9.0,
    "pct1ResTime" : 4.0,
    "pct2ResTime" : 6.2499999999999964,
    "pct3ResTime" : 9.0,
    "throughput" : 0.8636573007830493,
    "receivedKBytesPerSec" : 1.0061944920255643,
    "sentKBytesPerSec" : 0.6587073749136343
  },
  "HTTP Request - Home Page GET" : {
    "transaction" : "HTTP Request - Home Page GET",
    "sampleCount" : 1,
    "errorCount" : 0,
    "errorPct" : 0.0,
    "meanResTime" : 45.0,
    "medianResTime" : 45.0,
    "minResTime" : 45.0,
    "maxResTime" : 45.0,
    "pct1ResTime" : 45.0,
    "pct2ResTime" : 45.0,
    "pct3ResTime" : 45.0,
    "throughput" : 22.22222222222222,
    "receivedKBytesPerSec" : 46.11545138888889,
    "sentKBytesPerSec" : 2.5824652777777777
  },
  "HTTP Request - Unpopular GET" : {
    "transaction" : "HTTP Request - Unpopular GET",
    "sampleCount" : 30,
    "errorCount" : 0,
    "errorPct" : 0.0,
    "meanResTime" : 107.00000000000003,
    "medianResTime" : 104.0,
    "minResTime" : 88.0,
    "maxResTime" : 137.0,
    "pct1ResTime" : 134.10000000000002,
    "pct2ResTime" : 136.45,
    "pct3ResTime" : 137.0,
    "throughput" : 0.860733344809778,
    "receivedKBytesPerSec" : 1.1440020334825272,
    "sentKBytesPerSec" : 0.8514871858323292
  },
  "HTTP Request - Recent GET" : {
    "transaction" : "HTTP Request - Recent GET",
    "sampleCount" : 30,
    "errorCount" : 0,
    "errorPct" : 0.0,
    "meanResTime" : 98.36666666666667,
    "medianResTime" : 94.5,
    "minResTime" : 80.0,
    "maxResTime" : 132.0,
    "pct1ResTime" : 117.7,
    "pct2ResTime" : 127.05,
    "pct3ResTime" : 132.0,
    "throughput" : 0.8614501076812635,
    "receivedKBytesPerSec" : 0.8723864860014356,
    "sentKBytesPerSec" : 0.8471486898779612
  },
  "HTTP Request - Hour of Day Most Posts GET" : {
    "transaction" : "HTTP Request - Hour of Day Most Posts GET",
    "sampleCount" : 30,
    "errorCount" : 0,
    "errorPct" : 0.0,
    "meanResTime" : 108.3,
    "medianResTime" : 102.5,
    "minResTime" : 90.0,
    "maxResTime" : 141.0,
    "pct1ResTime" : 134.3,
    "pct2ResTime" : 138.8,
    "pct3ResTime" : 141.0,
    "throughput" : 0.858885167053165,
    "receivedKBytesPerSec" : 0.4135062376535257,
    "sentKBytesPerSec" : 0.8832090633857252
  },
  "HTTP Request - Registration POST" : {
    "transaction" : "HTTP Request - Registration POST",
    "sampleCount" : 1,
    "errorCount" : 0,
    "errorPct" : 0.0,
    "meanResTime" : 476.0,
    "medianResTime" : 476.0,
    "minResTime" : 476.0,
    "maxResTime" : 476.0,
    "pct1ResTime" : 476.0,
    "pct2ResTime" : 476.0,
    "pct3ResTime" : 476.0,
    "throughput" : 2.100840336134454,
    "receivedKBytesPerSec" : 0.9786141018907564,
    "sentKBytesPerSec" : 1.5981978728991597
  },
  "HTTP Request - Popular GET" : {
    "transaction" : "HTTP Request - Popular GET",
    "sampleCount" : 30,
    "errorCount" : 0,
    "errorPct" : 0.0,
    "meanResTime" : 100.93333333333334,
    "medianResTime" : 98.0,
    "minResTime" : 85.0,
    "maxResTime" : 145.0,
    "pct1ResTime" : 120.7,
    "pct2ResTime" : 143.9,
    "pct3ResTime" : 145.0,
    "throughput" : 0.862391123120706,
    "receivedKBytesPerSec" : 0.9070266011728519,
    "sentKBytesPerSec" : 0.848916261821945
  },
  "HTTP Request - Avg Comments GET" : {
    "transaction" : "HTTP Request - Avg Comments GET",
    "sampleCount" : 30,
    "errorCount" : 0,
    "errorPct" : 0.0,
    "meanResTime" : 104.20000000000002,
    "medianResTime" : 102.0,
    "minResTime" : 83.0,
    "maxResTime" : 129.0,
    "pct1ResTime" : 123.0,
    "pct2ResTime" : 127.35,
    "pct3ResTime" : 129.0,
    "throughput" : 0.860733344809778,
    "receivedKBytesPerSec" : 0.4228016332415218,
    "sentKBytesPerSec" : 0.8624144646238595
  },
  "Total" : {
    "transaction" : "Total",
    "sampleCount" : 303,
    "errorCount" : 0,
    "errorPct" : 0.0,
    "meanResTime" : 120.00990099009898,
    "medianResTime" : 104.0,
    "minResTime" : 2.0,
    "maxResTime" : 520.0,
    "pct1ResTime" : 248.20000000000027,
    "pct2ResTime" : 336.6000000000001,
    "pct3ResTime" : 448.7599999999999,
    "throughput" : 8.282988436620103,
    "receivedKBytesPerSec" : 7.118593626131051,
    "sentKBytesPerSec" : 7.867627021199529
  },
  "HTTP Request - Join GET" : {
    "transaction" : "HTTP Request - Join GET",
    "sampleCount" : 1,
    "errorCount" : 0,
    "errorPct" : 0.0,
    "meanResTime" : 5.0,
    "medianResTime" : 5.0,
    "minResTime" : 5.0,
    "maxResTime" : 5.0,
    "pct1ResTime" : 5.0,
    "pct2ResTime" : 5.0,
    "pct3ResTime" : 5.0,
    "throughput" : 200.0,
    "receivedKBytesPerSec" : 233.0078125,
    "sentKBytesPerSec" : 151.3671875
  },
  "HTTP Request - Post Most Commented GET" : {
    "transaction" : "HTTP Request - Post Most Commented GET",
    "sampleCount" : 30,
    "errorCount" : 0,
    "errorPct" : 0.0,
    "meanResTime" : 113.63333333333333,
    "medianResTime" : 109.5,
    "minResTime" : 93.0,
    "maxResTime" : 147.0,
    "pct1ResTime" : 137.20000000000002,
    "pct2ResTime" : 143.15,
    "pct3ResTime" : 147.0,
    "throughput" : 0.8595742242342627,
    "receivedKBytesPerSec" : 0.7412148828113807,
    "sentKBytesPerSec" : 0.8629319360476776
  },
  "HTTP Request - Members No Activity GET" : {
    "transaction" : "HTTP Request - Members No Activity GET",
    "sampleCount" : 30,
    "errorCount" : 0,
    "errorPct" : 0.0,
    "meanResTime" : 111.56666666666666,
    "medianResTime" : 111.0,
    "minResTime" : 93.0,
    "maxResTime" : 139.0,
    "pct1ResTime" : 127.9,
    "pct2ResTime" : 134.6,
    "pct3ResTime" : 139.0,
    "throughput" : 0.8592295574967779,
    "receivedKBytesPerSec" : 0.5168802806816555,
    "sentKBytesPerSec" : 0.8986668516396964
  },
  "HTTP Request - Login POST" : {
    "transaction" : "HTTP Request - Login POST",
    "sampleCount" : 30,
    "errorCount" : 0,
    "errorPct" : 0.0,
    "meanResTime" : 338.3,
    "medianResTime" : 330.0,
    "minResTime" : 241.0,
    "maxResTime" : 520.0,
    "pct1ResTime" : 439.2000000000001,
    "pct2ResTime" : 480.94999999999993,
    "pct3ResTime" : 520.0,
    "throughput" : 0.8577310155535224,
    "receivedKBytesPerSec" : 0.9180402275846294,
    "sentKBytesPerSec" : 0.6324090983817475
  }
}