{
  "HTTP Request - Avg Posts GET" : {
    "transaction" : "HTTP Request - Avg Posts GET",
    "sampleCount" : 600,
    "errorCount" : 0,
    "errorPct" : 0.0,
    "meanResTime" : 278.68333333333305,
    "medianResTime" : 283.0,
    "minResTime" : 126.0,
    "maxResTime" : 668.0,
    "pct1ResTime" : 324.9,
    "pct2ResTime" : 349.8499999999998,
    "pct3ResTime" : 450.94000000000005,
    "throughput" : 0.4080283661320135,
    "receivedKBytesPerSec" : 0.20042799625429958,
    "sentKBytesPerSec" : 0.4088252965346151
  },
  "HTTP Request - Statistics - GET" : {
    "transaction" : "HTTP Request - Statistics - GET",
    "sampleCount" : 600,
    "errorCount" : 0,
    "errorPct" : 0.0,
    "meanResTime" : 2.9483333333333346,
    "medianResTime" : 3.0,
    "minResTime" : 1.0,
    "maxResTime" : 19.0,
    "pct1ResTime" : 4.0,
    "pct2ResTime" : 5.0,
    "pct3ResTime" : 6.0,
    "throughput" : 0.4081754828035669,
    "receivedKBytesPerSec" : 0.4755403818209525,
    "sentKBytesPerSec" : 0.31131352741170487
  },
  "HTTP Request - Home Page GET" : {
    "transaction" : "HTTP Request - Home Page GET",
    "sampleCount" : 1,
    "errorCount" : 0,
    "errorPct" : 0.0,
    "meanResTime" : 45.0,
    "medianResTime" : 45.0,
    "minResTime" : 45.0,
    "maxResTime" : 45.0,
    "pct1ResTime" : 45.0,
    "pct2ResTime" : 45.0,
    "pct3ResTime" : 45.0,
    "throughput" : 22.22222222222222,
    "receivedKBytesPerSec" : 46.11545138888889,
    "sentKBytesPerSec" : 2.5824652777777777
  },
  "HTTP Request - Unpopular GET" : {
    "transaction" : "HTTP Request - Unpopular GET",
    "sampleCount" : 600,
    "errorCount" : 0,
    "errorPct" : 0.0,
    "meanResTime" : 278.711666666667,
    "medianResTime" : 282.5,
    "minResTime" : 129.0,
    "maxResTime" : 591.0,
    "pct1ResTime" : 333.0,
    "pct2ResTime" : 359.0,
    "pct3ResTime" : 472.9200000000001,
    "throughput" : 0.40813550098632745,
    "receivedKBytesPerSec" : 0.543649241548194,
    "sentKBytesPerSec" : 0.4037512329093259
  },
  "HTTP Request - Recent GET" : {
    "transaction" : "HTTP Request - Recent GET",
    "sampleCount" : 600,
    "errorCount" : 0,
    "errorPct" : 0.0,
    "meanResTime" : 268.4150000000001,
    "medianResTime" : 267.0,
    "minResTime" : 125.0,
    "maxResTime" : 783.0,
    "pct1ResTime" : 322.0,
    "pct2ResTime" : 345.94999999999993,
    "pct3ResTime" : 441.8900000000001,
    "throughput" : 0.4081907557039556,
    "receivedKBytesPerSec" : 0.41137974598289273,
    "sentKBytesPerSec" : 0.4014141513612141
  },
  "HTTP Request - Hour of Day Most Posts GET" : {
    "transaction" : "HTTP Request - Hour of Day Most Posts GET",
    "sampleCount" : 600,
    "errorCount" : 0,
    "errorPct" : 0.0,
    "meanResTime" : 276.43666666666695,
    "medianResTime" : 282.0,
    "minResTime" : 118.0,
    "maxResTime" : 557.0,
    "pct1ResTime" : 324.0,
    "pct2ResTime" : 344.94999999999993,
    "pct3ResTime" : 412.84000000000015,
    "throughput" : 0.4078849601258461,
    "receivedKBytesPerSec" : 0.19637430209183804,
    "sentKBytesPerSec" : 0.4194363896606601
  },
  "HTTP Request - Registration POST" : {
    "transaction" : "HTTP Request - Registration POST",
    "sampleCount" : 1,
    "errorCount" : 0,
    "errorPct" : 0.0,
    "meanResTime" : 386.0,
    "medianResTime" : 386.0,
    "minResTime" : 386.0,
    "maxResTime" : 386.0,
    "pct1ResTime" : 386.0,
    "pct2ResTime" : 386.0,
    "pct3ResTime" : 386.0,
    "throughput" : 2.5906735751295336,
    "receivedKBytesPerSec" : 1.2067883743523315,
    "sentKBytesPerSec" : 1.970834682642487
  },
  "HTTP Request - Popular GET" : {
    "transaction" : "HTTP Request - Popular GET",
    "sampleCount" : 600,
    "errorCount" : 0,
    "errorPct" : 0.0,
    "meanResTime" : 246.71499999999995,
    "medianResTime" : 247.5,
    "minResTime" : 130.0,
    "maxResTime" : 518.0,
    "pct1ResTime" : 294.0,
    "pct2ResTime" : 315.0,
    "pct3ResTime" : 386.97,
    "throughput" : 0.4082390811354762,
    "receivedKBytesPerSec" : 0.43096332686274386,
    "sentKBytesPerSec" : 0.40186034549273436
  },
  "HTTP Request - Avg Comments GET" : {
    "transaction" : "HTTP Request - Avg Comments GET",
    "sampleCount" : 600,
    "errorCount" : 0,
    "errorPct" : 0.0,
    "meanResTime" : 276.34333333333313,
    "medianResTime" : 281.0,
    "minResTime" : 126.0,
    "maxResTime" : 651.0,
    "pct1ResTime" : 324.0,
    "pct2ResTime" : 354.94999999999993,
    "pct3ResTime" : 415.9200000000001,
    "throughput" : 0.4080916410589162,
    "receivedKBytesPerSec" : 0.20045907759046372,
    "sentKBytesPerSec" : 0.40888869504535935
  },
  "Total" : {
    "transaction" : "Total",
    "sampleCount" : 6003,
    "errorCount" : 0,
    "errorPct" : 0.0,
    "meanResTime" : 245.03065134099643,
    "medianResTime" : 268.0,
    "minResTime" : 1.0,
    "maxResTime" : 783.0,
    "pct1ResTime" : 321.0,
    "pct2ResTime" : 344.0,
    "pct3ResTime" : 427.8800000000001,
    "throughput" : 4.075832344306328,
    "receivedKBytesPerSec" : 3.4891123095755243,
    "sentKBytesPerSec" : 3.8871282247910144
  },
  "HTTP Request - Join GET" : {
    "transaction" : "HTTP Request - Join GET",
    "sampleCount" : 1,
    "errorCount" : 0,
    "errorPct" : 0.0,
    "meanResTime" : 6.0,
    "medianResTime" : 6.0,
    "minResTime" : 6.0,
    "maxResTime" : 6.0,
    "pct1ResTime" : 6.0,
    "pct2ResTime" : 6.0,
    "pct3ResTime" : 6.0,
    "throughput" : 166.66666666666666,
    "receivedKBytesPerSec" : 194.17317708333334,
    "sentKBytesPerSec" : 126.13932291666666
  },
  "HTTP Request - Post Most Commented GET" : {
    "transaction" : "HTTP Request - Post Most Commented GET",
    "sampleCount" : 600,
    "errorCount" : 0,
    "errorPct" : 0.0,
    "meanResTime" : 281.53666666666663,
    "medianResTime" : 285.0,
    "minResTime" : 119.0,
    "maxResTime" : 621.0,
    "pct1ResTime" : 337.0,
    "pct2ResTime" : 357.0,
    "pct3ResTime" : 482.83000000000015,
    "throughput" : 0.407986471168616,
    "receivedKBytesPerSec" : 0.3518086465252812,
    "sentKBytesPerSec" : 0.4095801683216185
  },
  "HTTP Request - Members No Activity GET" : {
    "transaction" : "HTTP Request - Members No Activity GET",
    "sampleCount" : 600,
    "errorCount" : 0,
    "errorPct" : 0.0,
    "meanResTime" : 276.76999999999987,
    "medianResTime" : 281.5,
    "minResTime" : 125.0,
    "maxResTime" : 768.0,
    "pct1ResTime" : 325.0,
    "pct2ResTime" : 349.89999999999986,
    "pct3ResTime" : 438.96000000000004,
    "throughput" : 0.40794430744314786,
    "receivedKBytesPerSec" : 0.24540399744626865,
    "sentKBytesPerSec" : 0.42666831374180797
  },
  "HTTP Request - Login POST" : {
    "transaction" : "HTTP Request - Login POST",
    "sampleCount" : 600,
    "errorCount" : 0,
    "errorPct" : 0.0,
    "meanResTime" : 264.2433333333332,
    "medianResTime" : 255.0,
    "minResTime" : 178.0,
    "maxResTime" : 658.0,
    "pct1ResTime" : 315.9,
    "pct2ResTime" : 339.89999999999986,
    "pct3ResTime" : 387.8700000000001,
    "throughput" : 0.40823880337041957,
    "receivedKBytesPerSec" : 0.4369430942324022,
    "sentKBytesPerSec" : 0.30099638334440115
  }
}