{
  "HTTP Request - Avg Posts GET" : {
    "transaction" : "HTTP Request - Avg Posts GET",
    "sampleCount" : 300,
    "errorCount" : 0,
    "errorPct" : 0.0,
    "meanResTime" : 186.00666666666677,
    "medianResTime" : 190.0,
    "minResTime" : 87.0,
    "maxResTime" : 341.0,
    "pct1ResTime" : 226.80000000000007,
    "pct2ResTime" : 242.74999999999994,
    "pct3ResTime" : 297.83000000000015,
    "throughput" : 0.5906697801527078,
    "receivedKBytesPerSec" : 0.2901434564617305,
    "sentKBytesPerSec" : 0.5918234320670686
  },
  "HTTP Request - Statistics - GET" : {
    "transaction" : "HTTP Request - Statistics - GET",
    "sampleCount" : 300,
    "errorCount" : 0,
    "errorPct" : 0.0,
    "meanResTime" : 3.0133333333333314,
    "medianResTime" : 3.0,
    "minResTime" : 2.0,
    "maxResTime" : 24.0,
    "pct1ResTime" : 4.0,
    "pct2ResTime" : 4.0,
    "pct3ResTime" : 6.990000000000009,
    "throughput" : 0.5910864168341412,
    "receivedKBytesPerSec" : 0.688638764924932,
    "sentKBytesPerSec" : 0.45081883940182055
  },
  "HTTP Request - Home Page GET" : {
    "transaction" : "HTTP Request - Home Page GET",
    "sampleCount" : 1,
    "errorCount" : 0,
    "errorPct" : 0.0,
    "meanResTime" : 49.0,
    "medianResTime" : 49.0,
    "minResTime" : 49.0,
    "maxResTime" : 49.0,
    "pct1ResTime" : 49.0,
    "pct2ResTime" : 49.0,
    "pct3ResTime" : 49.0,
    "throughput" : 20.408163265306122,
    "receivedKBytesPerSec" : 42.35092474489796,
    "sentKBytesPerSec" : 2.3716517857142856
  },
  "HTTP Request - Unpopular GET" : {
    "transaction" : "HTTP Request - Unpopular GET",
    "sampleCount" : 300,
    "errorCount" : 0,
    "errorPct" : 0.0,
    "meanResTime" : 183.94666666666666,
    "medianResTime" : 187.0,
    "minResTime" : 91.0,
    "maxResTime" : 354.0,
    "pct1ResTime" : 226.0,
    "pct2ResTime" : 235.95,
    "pct3ResTime" : 270.96000000000004,
    "throughput" : 0.5909781278994863,
    "receivedKBytesPerSec" : 0.7837385719604518,
    "sentKBytesPerSec" : 0.5846297300411912
  },
  "HTTP Request - Recent GET" : {
    "transaction" : "HTTP Request - Recent GET",
    "sampleCount" : 300,
    "errorCount" : 0,
    "errorPct" : 0.0,
    "meanResTime" : 174.75666666666675,
    "medianResTime" : 178.0,
    "minResTime" : 93.0,
    "maxResTime" : 295.0,
    "pct1ResTime" : 211.90000000000003,
    "pct2ResTime" : 224.95,
    "pct3ResTime" : 282.6700000000003,
    "throughput" : 0.5911132040897151,
    "receivedKBytesPerSec" : 0.5980403119501416,
    "sentKBytesPerSec" : 0.5812998012874445
  },
  "HTTP Request - Hour of Day Most Posts GET" : {
    "transaction" : "HTTP Request - Hour of Day Most Posts GET",
    "sampleCount" : 300,
    "errorCount" : 0,
    "errorPct" : 0.0,
    "meanResTime" : 184.88666666666683,
    "medianResTime" : 191.0,
    "minResTime" : 87.0,
    "maxResTime" : 357.0,
    "pct1ResTime" : 225.7000000000001,
    "pct2ResTime" : 239.95,
    "pct3ResTime" : 311.9000000000001,
    "throughput" : 0.5900761001477157,
    "receivedKBytesPerSec" : 0.2840893724343983,
    "sentKBytesPerSec" : 0.6067872397026803
  },
  "HTTP Request - Registration POST" : {
    "transaction" : "HTTP Request - Registration POST",
    "sampleCount" : 1,
    "errorCount" : 0,
    "errorPct" : 0.0,
    "meanResTime" : 4028.0,
    "medianResTime" : 4028.0,
    "minResTime" : 4028.0,
    "maxResTime" : 4028.0,
    "pct1ResTime" : 4028.0,
    "pct2ResTime" : 4028.0,
    "pct3ResTime" : 4028.0,
    "throughput" : 0.24826216484607744,
    "receivedKBytesPerSec" : 0.11564555921052633,
    "sentKBytesPerSec" : 0.1888635023584906
  },
  "HTTP Request - Popular GET" : {
    "transaction" : "HTTP Request - Popular GET",
    "sampleCount" : 300,
    "errorCount" : 0,
    "errorPct" : 0.0,
    "meanResTime" : 170.4633333333333,
    "medianResTime" : 168.0,
    "minResTime" : 100.0,
    "maxResTime" : 421.0,
    "pct1ResTime" : 207.90000000000003,
    "pct2ResTime" : 230.0,
    "pct3ResTime" : 303.6600000000003,
    "throughput" : 0.5912017357682962,
    "receivedKBytesPerSec" : 0.6218010443578663,
    "sentKBytesPerSec" : 0.5819642086469167
  },
  "HTTP Request - Avg Comments GET" : {
    "transaction" : "HTTP Request - Avg Comments GET",
    "sampleCount" : 300,
    "errorCount" : 0,
    "errorPct" : 0.0,
    "meanResTime" : 182.23000000000002,
    "medianResTime" : 188.0,
    "minResTime" : 90.0,
    "maxResTime" : 317.0,
    "pct1ResTime" : 221.90000000000003,
    "pct2ResTime" : 230.0,
    "pct3ResTime" : 254.9000000000001,
    "throughput" : 0.5908268227499838,
    "receivedKBytesPerSec" : 0.29022059750316587,
    "sentKBytesPerSec" : 0.5919807813881673
  },
  "Total" : {
    "transaction" : "Total",
    "sampleCount" : 3003,
    "errorCount" : 0,
    "errorPct" : 0.0,
    "meanResTime" : 170.63902763902823,
    "medianResTime" : 186.0,
    "minResTime" : 2.0,
    "maxResTime" : 4028.0,
    "pct1ResTime" : 238.0,
    "pct2ResTime" : 249.0,
    "pct3ResTime" : 277.96000000000004,
    "throughput" : 5.848408777092466,
    "receivedKBytesPerSec" : 5.004779873406197,
    "sentKBytesPerSec" : 5.576442264856186
  },
  "HTTP Request - Join GET" : {
    "transaction" : "HTTP Request - Join GET",
    "sampleCount" : 1,
    "errorCount" : 0,
    "errorPct" : 0.0,
    "meanResTime" : 6.0,
    "medianResTime" : 6.0,
    "minResTime" : 6.0,
    "maxResTime" : 6.0,
    "pct1ResTime" : 6.0,
    "pct2ResTime" : 6.0,
    "pct3ResTime" : 6.0,
    "throughput" : 166.66666666666666,
    "receivedKBytesPerSec" : 194.17317708333334,
    "sentKBytesPerSec" : 126.13932291666666
  },
  "HTTP Request - Post Most Commented GET" : {
    "transaction" : "HTTP Request - Post Most Commented GET",
    "sampleCount" : 300,
    "errorCount" : 0,
    "errorPct" : 0.0,
    "meanResTime" : 185.69999999999993,
    "medianResTime" : 192.5,
    "minResTime" : 89.0,
    "maxResTime" : 317.0,
    "pct1ResTime" : 224.90000000000003,
    "pct2ResTime" : 239.84999999999997,
    "pct3ResTime" : 289.7500000000002,
    "throughput" : 0.5904907371686363,
    "receivedKBytesPerSec" : 0.5097595816963618,
    "sentKBytesPerSec" : 0.5927973416107012
  },
  "HTTP Request - Members No Activity GET" : {
    "transaction" : "HTTP Request - Members No Activity GET",
    "sampleCount" : 300,
    "errorCount" : 0,
    "errorPct" : 0.0,
    "meanResTime" : 184.13333333333335,
    "medianResTime" : 190.0,
    "minResTime" : 86.0,
    "maxResTime" : 294.0,
    "pct1ResTime" : 224.90000000000003,
    "pct2ResTime" : 237.95,
    "pct3ResTime" : 272.96000000000004,
    "throughput" : 0.5903327115162106,
    "receivedKBytesPerSec" : 0.3551220217714704,
    "sentKBytesPerSec" : 0.6174280605799428
  },
  "HTTP Request - Login POST" : {
    "transaction" : "HTTP Request - Login POST",
    "sampleCount" : 300,
    "errorCount" : 0,
    "errorPct" : 0.0,
    "meanResTime" : 239.34999999999997,
    "medianResTime" : 244.0,
    "minResTime" : 178.0,
    "maxResTime" : 341.0,
    "pct1ResTime" : 262.0,
    "pct2ResTime" : 266.9,
    "pct3ResTime" : 292.85000000000014,
    "throughput" : 0.5911097099621689,
    "receivedKBytesPerSec" : 0.632672111443884,
    "sentKBytesPerSec" : 0.4358279599818726
  }
}