{
  "HTTP Request - Avg Posts GET" : {
    "transaction" : "HTTP Request - Avg Posts GET",
    "sampleCount" : 150,
    "errorCount" : 0,
    "errorPct" : 0.0,
    "meanResTime" : 143.8266666666667,
    "medianResTime" : 149.0,
    "minResTime" : 76.0,
    "maxResTime" : 235.0,
    "pct1ResTime" : 171.8,
    "pct2ResTime" : 183.0,
    "pct3ResTime" : 228.8800000000001,
    "throughput" : 0.7135755367277328,
    "receivedKBytesPerSec" : 0.3505161083730953,
    "sentKBytesPerSec" : 0.7149692389479042
  },
  "HTTP Request - Statistics - GET" : {
    "transaction" : "HTTP Request - Statistics - GET",
    "sampleCount" : 150,
    "errorCount" : 0,
    "errorPct" : 0.0,
    "meanResTime" : 3.133333333333331,
    "medianResTime" : 3.0,
    "minResTime" : 1.0,
    "maxResTime" : 6.0,
    "pct1ResTime" : 4.0,
    "pct2ResTime" : 5.0,
    "pct3ResTime" : 6.0,
    "throughput" : 0.7142074915604482,
    "receivedKBytesPerSec" : 0.8320796263980612,
    "sentKBytesPerSec" : 0.5447227059655371
  },
  "HTTP Request - Home Page GET" : {
    "transaction" : "HTTP Request - Home Page GET",
    "sampleCount" : 1,
    "errorCount" : 0,
    "errorPct" : 0.0,
    "meanResTime" : 62.0,
    "medianResTime" : 62.0,
    "minResTime" : 62.0,
    "maxResTime" : 62.0,
    "pct1ResTime" : 62.0,
    "pct2ResTime" : 62.0,
    "pct3ResTime" : 62.0,
    "throughput" : 16.129032258064516,
    "receivedKBytesPerSec" : 33.470892137096776,
    "sentKBytesPerSec" : 1.8743699596774193
  },
  "HTTP Request - Unpopular GET" : {
    "transaction" : "HTTP Request - Unpopular GET",
    "sampleCount" : 150,
    "errorCount" : 0,
    "errorPct" : 0.0,
    "meanResTime" : 145.74,
    "medianResTime" : 148.0,
    "minResTime" : 70.0,
    "maxResTime" : 261.0,
    "pct1ResTime" : 174.0,
    "pct2ResTime" : 193.89999999999998,
    "pct3ResTime" : 256.4100000000001,
    "throughput" : 0.713864194475643,
    "receivedKBytesPerSec" : 0.948798016290381,
    "sentKBytesPerSec" : 0.7061957314490491
  },
  "HTTP Request - Recent GET" : {
    "transaction" : "HTTP Request - Recent GET",
    "sampleCount" : 150,
    "errorCount" : 0,
    "errorPct" : 0.0,
    "meanResTime" : 138.28666666666672,
    "medianResTime" : 139.0,
    "minResTime" : 75.0,
    "maxResTime" : 303.0,
    "pct1ResTime" : 160.9,
    "pct2ResTime" : 177.24999999999994,
    "pct3ResTime" : 252.5100000000009,
    "throughput" : 0.714013709063214,
    "receivedKBytesPerSec" : 0.7230783362290556,
    "sentKBytesPerSec" : 0.7021599658463442
  },
  "HTTP Request - Hour of Day Most Posts GET" : {
    "transaction" : "HTTP Request - Hour of Day Most Posts GET",
    "sampleCount" : 150,
    "errorCount" : 0,
    "errorPct" : 0.0,
    "meanResTime" : 144.11999999999983,
    "medianResTime" : 150.5,
    "minResTime" : 71.0,
    "maxResTime" : 200.0,
    "pct1ResTime" : 170.8,
    "pct2ResTime" : 179.0,
    "pct3ResTime" : 195.92000000000007,
    "throughput" : 0.7128735457379667,
    "receivedKBytesPerSec" : 0.34320962700079843,
    "sentKBytesPerSec" : 0.733062347326249
  },
  "HTTP Request - Registration POST" : {
    "transaction" : "HTTP Request - Registration POST",
    "sampleCount" : 1,
    "errorCount" : 0,
    "errorPct" : 0.0,
    "meanResTime" : 623.0,
    "medianResTime" : 623.0,
    "minResTime" : 623.0,
    "maxResTime" : 623.0,
    "pct1ResTime" : 623.0,
    "pct2ResTime" : 623.0,
    "pct3ResTime" : 623.0,
    "throughput" : 1.6051364365971108,
    "receivedKBytesPerSec" : 0.7477051565008026,
    "sentKBytesPerSec" : 1.221095004012841
  },
  "HTTP Request - Popular GET" : {
    "transaction" : "HTTP Request - Popular GET",
    "sampleCount" : 150,
    "errorCount" : 0,
    "errorPct" : 0.0,
    "meanResTime" : 134.94666666666674,
    "medianResTime" : 136.0,
    "minResTime" : 81.0,
    "maxResTime" : 214.0,
    "pct1ResTime" : 158.9,
    "pct2ResTime" : 171.34999999999997,
    "pct3ResTime" : 211.96000000000004,
    "throughput" : 0.7140069115869041,
    "receivedKBytesPerSec" : 0.7488705303167335,
    "sentKBytesPerSec" : 0.7028505535933588
  },
  "HTTP Request - Avg Comments GET" : {
    "transaction" : "HTTP Request - Avg Comments GET",
    "sampleCount" : 150,
    "errorCount" : 0,
    "errorPct" : 0.0,
    "meanResTime" : 143.21333333333328,
    "medianResTime" : 149.0,
    "minResTime" : 71.0,
    "maxResTime" : 217.0,
    "pct1ResTime" : 169.9,
    "pct2ResTime" : 178.89999999999998,
    "pct3ResTime" : 206.2900000000002,
    "throughput" : 0.713660411829635,
    "receivedKBytesPerSec" : 0.35055779995147107,
    "sentKBytesPerSec" : 0.7150542798214897
  },
  "Total" : {
    "transaction" : "Total",
    "sampleCount" : 1503,
    "errorCount" : 0,
    "errorPct" : 0.0,
    "meanResTime" : 140.78176979374572,
    "medianResTime" : 148.0,
    "minResTime" : 1.0,
    "maxResTime" : 623.0,
    "pct1ResTime" : 237.0,
    "pct2ResTime" : 254.79999999999995,
    "pct3ResTime" : 296.60000000000036,
    "throughput" : 7.079037476980176,
    "receivedKBytesPerSec" : 6.0612630156205105,
    "sentKBytesPerSec" : 6.746954620037491
  },
  "HTTP Request - Join GET" : {
    "transaction" : "HTTP Request - Join GET",
    "sampleCount" : 1,
    "errorCount" : 0,
    "errorPct" : 0.0,
    "meanResTime" : 7.0,
    "medianResTime" : 7.0,
    "minResTime" : 7.0,
    "maxResTime" : 7.0,
    "pct1ResTime" : 7.0,
    "pct2ResTime" : 7.0,
    "pct3ResTime" : 7.0,
    "throughput" : 142.85714285714286,
    "receivedKBytesPerSec" : 166.43415178571428,
    "sentKBytesPerSec" : 108.11941964285714
  },
  "HTTP Request - Post Most Commented GET" : {
    "transaction" : "HTTP Request - Post Most Commented GET",
    "sampleCount" : 150,
    "errorCount" : 0,
    "errorPct" : 0.0,
    "meanResTime" : 147.6666666666667,
    "medianResTime" : 154.0,
    "minResTime" : 74.0,
    "maxResTime" : 265.0,
    "pct1ResTime" : 177.50000000000003,
    "pct2ResTime" : 190.79999999999995,
    "pct3ResTime" : 253.7800000000002,
    "throughput" : 0.7133176403452458,
    "receivedKBytesPerSec" : 0.6157937442042942,
    "sentKBytesPerSec" : 0.7161040373778443
  },
  "HTTP Request - Members No Activity GET" : {
    "transaction" : "HTTP Request - Members No Activity GET",
    "sampleCount" : 150,
    "errorCount" : 0,
    "errorPct" : 0.0,
    "meanResTime" : 146.26000000000002,
    "medianResTime" : 151.0,
    "minResTime" : 71.0,
    "maxResTime" : 297.0,
    "pct1ResTime" : 174.0,
    "pct2ResTime" : 189.45,
    "pct3ResTime" : 272.01000000000045,
    "throughput" : 0.7131141695785495,
    "receivedKBytesPerSec" : 0.4289827426370962,
    "sentKBytesPerSec" : 0.745844995721315
  },
  "HTTP Request - Login POST" : {
    "transaction" : "HTTP Request - Login POST",
    "sampleCount" : 150,
    "errorCount" : 0,
    "errorPct" : 0.0,
    "meanResTime" : 258.8266666666667,
    "medianResTime" : 253.5,
    "minResTime" : 204.0,
    "maxResTime" : 385.0,
    "pct1ResTime" : 284.0,
    "pct2ResTime" : 322.34999999999997,
    "pct3ResTime" : 370.72000000000025,
    "throughput" : 0.7132701534481857,
    "receivedKBytesPerSec" : 0.7634219611125113,
    "sentKBytesPerSec" : 0.5258974275911916
  }
}